<?xml version="1.0" encoding="UTF-8"?>
<!DOCTYPE struts-config PUBLIC "-//Apache Software Foundation//DTD Struts 
Configuration 1.3//EN" "http://struts.apache.org/dtds/struts-config_1_3.dtd">
<struts-config>
	<form-beans>
		<form-bean name="danhSachDiaDanhForm" type="form.DanhSachDiaDanhForm" />
		<form-bean name="chuyenDiForm" type="form.ChuyenDiForm" />
		<form-bean name="khachHangForm" type="form.KhachHangForm" />
		
	</form-beans>
	<action-mappings>
		
		<action input="/Show.jsp" name="danhSachDiaDanhForm"
			path="/danh-sach" scope="request" type="action.DanhSachDiaDanhAction">
			<forward name="dsDiaDanh" path="/index.jsp" />
		</action>
		
		<action input="/index.jsp" name="khachHangForm"
			path="/tinhTien" scope="request" type="action.TienHoanTraAction">
			<forward name="tinhTienThanhCong" path="/TienHoanTra.jsp" />
			<forward name="tinhTien" path="/TienHoanTra.jsp"></forward>
		</action>
		
		<action input="/index.jsp" name="danhSachDiaDanhForm"
			path="/danh-sach-tim-kiem" scope="request" type="action.TimKiemAction">
			<forward name="timKiemThanhCong" path="/index.jsp" />
		</action>
		
		<action input="/ThemChuyenDi.jsp" name="chuyenDiForm"
			path="/themSV" scope="request" type="action.ThemChuyenDiAction" validate="true">
			<forward name="themSV" path="/ThemChuyenDi.jsp" />
			<forward name="themSVxong" path="/danh-sach.do" redirect="true"/>
			
		</action>
		
		<action input="/SuaDiaDanh.jsp" name="danhSachDiaDanhForm"
			path="/suaSV" scope="request" type="action.SuaDiaDanhAction">
			<forward name="suaSV" path="/SuaDiaDanh.jsp" />
			<forward name="suaSVxong" path="/danh-sach.do" redirect="true" />
		</action>
		
		<action input="/index.jsp" name="danhSachDiaDanhForm"
			path="/xoaSV" scope="request" type="action.XoaDiaDanhAction">
			<forward name="xoaSVxong" path="/danh-sach.do" redirect="true"/>
		</action>
	</action-mappings>
	<message-resources parameter="action.ApplicationResources" />
	
</struts-config>
